,Poster Title,Sales Link,Thumbnail
0,Keep Your Teeth Clean,https://vintagraph.com/collections/wpa-posters/products/keep-teeth-clean-health-poster,https://cdn.shopify.com/s/files/1/0157/3938/products/keep-teeth-clean-health-poster1_grande.jpg?v=1526930029
1,Wild Life The National Parks Preserve All Life,https://vintagraph.com/collections/wpa-posters/products/wild-life-the-national-parks,https://cdn.shopify.com/s/files/1/0157/3938/products/wild-life-the-national-parks1_grande.jpg?v=1526930159
2,Zion National Park Poster,https://vintagraph.com/collections/wpa-posters/products/zion-national-park-wpa-poster,https://cdn.shopify.com/s/files/1/0157/3938/products/13400u1_500_grande.jpg?v=1526930177
3,Yellowstone 1938,https://vintagraph.com/collections/wpa-posters/products/yellowstone-wpa-travel-poster,https://cdn.shopify.com/s/files/1/0157/3938/products/13399u-800_grande.jpg?v=1526930164
4,See America Welcome to Montana,https://vintagraph.com/collections/wpa-posters/products/see-america-welcome-to-montana,https://cdn.shopify.com/s/files/1/0157/3938/products/3g04241u-800_grande.jpg?v=1526930145
5,Keep Clean WPA Poster,https://vintagraph.com/collections/wpa-posters/products/keep-clean-wpa-poster,https://cdn.shopify.com/s/files/1/0157/3938/products/38346u-Edit_500_grande.jpg?v=1492468342
6,See America WPA Poster (Cowboys),https://vintagraph.com/collections/wpa-posters/products/see-america-wpa-poster,https://cdn.shopify.com/s/files/1/0157/3938/products/3g02615u1_500_grande.jpg?v=1526930106
7,National Parks Preserve Wild Life,https://vintagraph.com/collections/wpa-posters/products/national-parks-wpa-poster,https://cdn.shopify.com/s/files/1/0157/3938/products/3f05639u_500_grande.jpg?v=1491837489
8,See America poster (Blue Cavern),https://vintagraph.com/collections/wpa-posters/products/see-america-wpa-travel-poster,https://cdn.shopify.com/s/files/1/0157/3938/products/3g04243u_500_grande.jpg?v=1526930100
9,Save Your Eyes,https://vintagraph.com/collections/wpa-posters/products/save-your-eyes-safety-poster,https://cdn.shopify.com/s/files/1/0157/3938/products/save-your-eyes-safety-poster1_grande.jpg?v=1492468374
10,City of New York Municipal Airports,https://vintagraph.com/collections/wpa-posters/products/city-new-york-municipal-airports-wpa,https://cdn.shopify.com/s/files/1/0157/3938/products/3g04242u_500_grande.jpg?v=1492468502
11,Grand Canyon National Park poster,https://vintagraph.com/collections/wpa-posters/products/grand-canyon-wpa-travel-poster,https://cdn.shopify.com/s/files/1/0157/3938/products/13397u_500_grande.jpg?v=1491837501
12,Eat Fruit Be Healthy,https://vintagraph.com/collections/wpa-posters/products/eat-fruit-health-poster,https://cdn.shopify.com/s/files/1/0157/3938/products/eat-fruit-health-poster1_grande.jpg?v=1526443024
13,Be Kind to Books Club,https://vintagraph.com/collections/wpa-posters/products/kind-to-books-wpa-poster,https://cdn.shopify.com/s/files/1/0157/3938/products/3b48892u_500_grande.jpg?v=1493660411
14,Protect Your Hands,https://vintagraph.com/collections/wpa-posters/products/protect-your-hands-safety-poster,https://cdn.shopify.com/s/files/1/0157/3938/products/protect-your-hands-safety-poster1_grande.jpg?v=1492468636
15,6 + 8 Penguins,https://vintagraph.com/collections/wpa-posters/products/penguins-wpa-poster,https://cdn.shopify.com/s/files/1/0157/3938/products/3b48862u_500_grande.jpg?v=1492468575
16,Visit the Zoo Philadelphia,https://vintagraph.com/collections/wpa-posters/products/visit-the-zoo-philadelphia,https://cdn.shopify.com/s/files/1/0157/3938/products/3k00001u_500_grande.jpg?v=1493660296
17,To-day is another day,https://vintagraph.com/collections/wpa-posters/products/make-it-safe-poster,https://cdn.shopify.com/s/files/1/0157/3938/products/make-it-safe-poster1_grande.jpg?v=1526443195
18,Be Careful Near Machinery,https://vintagraph.com/collections/wpa-posters/products/be-careful-safety-poster,https://cdn.shopify.com/s/files/1/0157/3938/products/be-careful-safety-poster1_grande.jpg?v=1526443406
19,John Is Not Really Dull,https://vintagraph.com/collections/wpa-posters/products/john-is-not-dull-poster,https://cdn.shopify.com/s/files/1/0157/3938/products/john-is-not-dull-poster1_grande.jpg?v=1493660456
20,Welcome to Montana National Park poster,https://vintagraph.com/collections/wpa-posters/products/montana-travel-wpa-poster,https://cdn.shopify.com/s/files/1/0157/3938/products/3g04240u_500_grande.jpg?v=1491837516
21,Work With Care,https://vintagraph.com/collections/wpa-posters/products/work-with-care-safety-poster,https://cdn.shopify.com/s/files/1/0157/3938/products/work-with-care-safety-poster1_grande.jpg?v=1526443496
22,Just a Scratch,https://vintagraph.com/collections/wpa-posters/products/avoid-infection-safety-poster,https://cdn.shopify.com/s/files/1/0157/3938/products/avoid-infection-safety-poster1_grande.jpg?v=1526443328
23,Work Pays America! Prosperity,https://vintagraph.com/collections/wpa-posters/products/work-pays-wpa-poster,https://cdn.shopify.com/s/files/1/0157/3938/products/3b48737u_500_grande.jpg?v=1526444087
24,Buckingham Fountain,https://vintagraph.com/collections/wpa-posters/products/chicago-buckingham-fountain-poster,https://cdn.shopify.com/s/files/1/0157/3938/products/Buckingham_Fountain-800_grande.jpg?v=1551366171
25,Work Promotes Confidence,https://vintagraph.com/collections/wpa-posters/products/work-wpa-poster,https://cdn.shopify.com/s/files/1/0157/3938/products/3b48918u_500_grande.jpg?v=1493660596
26,Help Your Neighborhood,https://vintagraph.com/collections/wpa-posters/products/wpa-poster-help-your-neighborhood,https://cdn.shopify.com/s/files/1/0157/3938/products/WPA-Poster-help-your-neighborhood1_grande.jpg?v=1526443152
27,Milk For Summer Thirst,https://vintagraph.com/collections/wpa-posters/products/milk-health-poster,https://cdn.shopify.com/s/files/1/0157/3938/products/milk-health-poster1_grande.jpg?v=1526443341
28,Visit the Aquarium,https://vintagraph.com/collections/wpa-posters/products/visit-the-aquarium-wpa-poster,https://cdn.shopify.com/s/files/1/0157/3938/products/3f05602u_500_grande.jpg?v=1493660654
29,Work With Care Man,https://vintagraph.com/collections/wpa-posters/products/work-with-care-safety-poster-2,https://cdn.shopify.com/s/files/1/0157/3938/products/work-with-care-safety-poster-21_grande.jpg?v=1493660920
30,Pneumonia strikes like a man eating shark,https://vintagraph.com/collections/wpa-posters/products/pneumonia-health-poster,https://cdn.shopify.com/s/files/1/0157/3938/products/3f05391u_500_grande.jpg?v=1526443272
31,The fly is as deadly as a bomber!!,https://vintagraph.com/collections/wpa-posters/products/fly-is-deadly-health-poster,https://cdn.shopify.com/s/files/1/0157/3938/products/fly-is-deadly-health-poster1_grande.jpg?v=1526443251
32,More Courtesy,https://vintagraph.com/collections/wpa-posters/products/more-courtesy-safety-poster,https://cdn.shopify.com/s/files/1/0157/3938/products/more-courtesy-safety-poster1_grande.jpg?v=1493660845
33,Expecting? Get the Right Advice,https://vintagraph.com/collections/wpa-posters/products/expecting-get-the-right-advice-wpa,https://cdn.shopify.com/s/files/1/0157/3938/products/3f05511u_500_grande.jpg?v=1493660761
34,Save our Wild Life,https://vintagraph.com/collections/wpa-posters/products/save-our-wild-life-trumpeter-swan,https://cdn.shopify.com/s/files/1/0157/3938/products/save-our-wild-life-trumpeter-swan1_grande.jpg?v=1491836200
35,Lassen Volcanic National Park poster,https://vintagraph.com/collections/wpa-posters/products/lassen-volcanic-wpa-poster,https://cdn.shopify.com/s/files/1/0157/3938/products/13398u_500_grande.jpg?v=1491837544
36,See America Welcome to Montana,https://vintagraph.com/collections/wpa-posters/products/see-america-montana-wpa-poster,https://cdn.shopify.com/s/files/1/0157/3938/products/3b48750u-800_grande.jpg?v=1551366267
37,The Enemy is Syphilis,https://vintagraph.com/collections/wpa-posters/products/enemy-syphilis-health-poster,https://cdn.shopify.com/s/files/1/0157/3938/products/enemy-syphilis-health-poster1_grande.jpg?v=1493661296
38,Swim for Health,https://vintagraph.com/collections/wpa-posters/products/swim-for-health-poster,https://cdn.shopify.com/s/files/1/0157/3938/products/3b48996u-Edit_500_grande.jpg?v=1493661154
39,Lack of Funds,https://vintagraph.com/collections/wpa-posters/products/lack-of-funds-wpa-poster,https://cdn.shopify.com/s/files/1/0157/3938/products/3f05334u_500_grande.jpg?v=1526443568
40,Discover Puerto Rico U.S.A. Vintage Travel Poster,https://vintagraph.com/collections/wpa-posters/products/discover-puerto-rico,https://cdn.shopify.com/s/files/1/0157/3938/products/discover-puerto-rico1_grande.jpg?v=1526444705
41,Don't Kiss Me,https://vintagraph.com/collections/wpa-posters/products/tuberculosis-health-poster,https://cdn.shopify.com/s/files/1/0157/3938/products/tuberculosis-health-poster1_grande.jpg?v=1526443508
42,Death Below,https://vintagraph.com/collections/wpa-posters/products/death-below-safety-poster,https://cdn.shopify.com/s/files/1/0157/3938/products/death-below-safety-poster1_grande.jpg?v=1526443428
43,Safety For You -- For All,https://vintagraph.com/collections/wpa-posters/products/safety-for-you-for-all,https://cdn.shopify.com/s/files/1/0157/3938/products/safety-for-you-for-all1_grande.jpg?v=1526443012
44,Be Wise Don't Play With Firecrackers,https://vintagraph.com/collections/wpa-posters/products/firecrackers-safety-poster,https://cdn.shopify.com/s/files/1/0157/3938/products/firecrackers-safety-poster1_grande.jpg?v=1526443352
45,Protect Your Parks,https://vintagraph.com/collections/wpa-posters/products/protect-your-parks-wpa-poster,https://cdn.shopify.com/s/files/1/0157/3938/products/3f05415u_500_grande.jpg?v=1526443837
46,Unfair to Babies,https://vintagraph.com/collections/wpa-posters/products/unfair-to-babies,https://cdn.shopify.com/s/files/1/0157/3938/products/38345u-Edit_500_grande.jpg?v=1493661486
47,Plains Farms Need Trees,https://vintagraph.com/collections/wpa-posters/products/farms-trees-wpa-poster,https://cdn.shopify.com/s/files/1/0157/3938/products/3b48715u1_plains-farms-need-trees_500_grande.jpg?v=1526443927
48,Pet Show,https://vintagraph.com/collections/wpa-posters/products/pet-show-wpa-poster,https://cdn.shopify.com/s/files/1/0157/3938/products/3b48887u_500_grande.jpg?v=1526443914
49,October's 'Bright Blue Weather',https://vintagraph.com/collections/wpa-posters/products/october-weather-wpa-poster,https://cdn.shopify.com/s/files/1/0157/3938/products/3b48754u_prt_500_grande.jpg?v=1526443938
50,Visit the Zoo Elephant,https://vintagraph.com/collections/wpa-posters/products/elephant-wpa-poster,https://cdn.shopify.com/s/files/1/0157/3938/products/3k00002u-800_grande.jpg?v=1550246211
51,Visit the Zoo,https://vintagraph.com/collections/wpa-posters/products/visit-the-zoo-wpa-poster,https://cdn.shopify.com/s/files/1/0157/3938/products/3f03734u_500_grande.jpg?v=1526444655
52,Nurse the Baby,https://vintagraph.com/collections/wpa-posters/products/nurse-the-baby,https://cdn.shopify.com/s/files/1/0157/3938/products/38336u-Edit_500_grande.jpg?v=1526430510
53,Be Clean in Everything That Concerns Your Baby,https://vintagraph.com/collections/wpa-posters/products/be-clean-in-everything-that-concerns-your-baby,https://cdn.shopify.com/s/files/1/0157/3938/products/38335u-Edit_500_grande.jpg?v=1493661505
54,Learn to Swim Campaign,https://vintagraph.com/collections/wpa-posters/products/learn-to-swim-safety-poster,https://cdn.shopify.com/s/files/1/0157/3938/products/3f05399uu-Edit_500_grande.jpg?v=1526443396
55,An Orderly Line Is a Safe Line,https://vintagraph.com/collections/wpa-posters/products/orderly-safe-line-safety-poster,https://cdn.shopify.com/s/files/1/0157/3938/products/orderly-safe-line-safety-poster1_grande.jpg?v=1526443519
56,They Like Winter in New York State Vintage Travel Poster,https://vintagraph.com/collections/wpa-posters/products/new-york-winter-wpa-travel-poster,https://cdn.shopify.com/s/files/1/0157/3938/products/3b48748u-print_500_grande.jpg?v=1526444765
57,This is the Market,https://vintagraph.com/collections/wpa-posters/products/this-is-market-wpa-poster,https://cdn.shopify.com/s/files/1/0157/3938/products/20080604214139_3b48899u_500_500_grande.jpg?v=1526444099
58,Enlist Now! U.S. Coast Guard,https://vintagraph.com/collections/wpa-posters/products/enlist-now-us-coast-guard,https://cdn.shopify.com/s/files/1/0157/3938/products/3f05582u_500_500_grande.jpg?v=1526441140
59,Stamp Out Syphilis and Gonorrhea,https://vintagraph.com/collections/wpa-posters/products/syphilis-gonorrhea-health-poster,https://cdn.shopify.com/s/files/1/0157/3938/products/syphilis-gonorrhea-health-poster1_grande.jpg?v=1493661642
60,Shame May Be Fatal,https://vintagraph.com/collections/wpa-posters/products/shame-may-be-fatal-syphilis-poster,https://cdn.shopify.com/s/files/1/0157/3938/products/shame-may-be-fatal-syphilis-poster1_grande.jpg?v=1526443083
61,Milk Truckers Do Not!,https://vintagraph.com/collections/wpa-posters/products/diphtheria-scarlet-fever-meningitis-poster,https://cdn.shopify.com/s/files/1/0157/3938/products/diphtheria-scarlet-fever-meningitis-poster1_grande.jpg?v=1526425262
62,A Good Lunch Poster,https://vintagraph.com/collections/wpa-posters/products/a-good-lunch-wpa-poster,https://cdn.shopify.com/s/files/1/0157/3938/products/3f05427u_500_grande.jpg?v=1500467593
63,Port of Philadelphia,https://vintagraph.com/collections/wpa-posters/products/port-philadelphia-wpa-poster,https://cdn.shopify.com/s/files/1/0157/3938/products/3b49064u_1__500_grande.jpg?v=1526444025
64,Little Miss Muffet,https://vintagraph.com/collections/wpa-posters/products/little-miss-muffet-wpa-poster,https://cdn.shopify.com/s/files/1/0157/3938/products/3b48893u_500_grande.jpg?v=1526444167
65,By the 'L' Brookfield Zoo,https://vintagraph.com/collections/wpa-posters/products/panda-zoo-wpa-poster,https://cdn.shopify.com/s/files/1/0157/3938/products/3b48884u_500_grande.jpg?v=1493661848
66,Light – Rural Electrification Administration,https://vintagraph.com/collections/wpa-posters/products/light-rural-electrification-administration,https://cdn.shopify.com/s/files/1/0157/3938/products/25374u-Edit_500_grande.jpg?v=1526430028
67,Who's Who in the Zoo,https://vintagraph.com/collections/wpa-posters/products/whos-who-in-the-zoo-wpa-poster,https://cdn.shopify.com/s/files/1/0157/3938/products/3b48858u_500_grande.jpg?v=1526444571
68,RUR at Marionette Theatre,https://vintagraph.com/collections/wpa-posters/products/rur-at-marionette-theatre,https://cdn.shopify.com/s/files/1/0157/3938/products/3g05045u_500_grande.jpg?v=1493661678
69,This is the Storekeeper,https://vintagraph.com/collections/wpa-posters/products/storekeeper-poster,https://cdn.shopify.com/s/files/1/0157/3938/products/storekeeper-poster1_grande.jpg?v=1526443228
70,Milk For Warmth,https://vintagraph.com/collections/wpa-posters/products/milk-for-warmth-poster,https://cdn.shopify.com/s/files/1/0157/3938/products/milk-for-warmth-poster1_grande.jpg?v=1526443184
71,Drive Safely Handle With Care,https://vintagraph.com/collections/wpa-posters/products/drive-safely-safety-poster,https://cdn.shopify.com/s/files/1/0157/3938/products/drive-safely-safety-poster1_grande.jpg?v=1526443284
72,Little Red Riding Hood Poster,https://vintagraph.com/collections/wpa-posters/products/little-red-riding-hood,https://cdn.shopify.com/s/files/1/0157/3938/products/little-red-riding-hood1_grande.jpg?v=1526443881
73,Information - Brookfield Zoo,https://vintagraph.com/collections/wpa-posters/products/information-brookfield-zoo,https://cdn.shopify.com/s/files/1/0157/3938/products/information-brookfield-zoo1_grande.jpg?v=1526444515
74,Fight Tuberculosis — Obey the Rules of Health,https://vintagraph.com/collections/wpa-posters/products/fight-tuberculosis-obey-the-rules-of-health,https://cdn.shopify.com/s/files/1/0157/3938/products/38342u-Edit_500_grande.jpg?v=1526430521
75,Philadelphia Carpenters' Hall,https://vintagraph.com/collections/wpa-posters/products/philadelphia-carpenters-hall,https://cdn.shopify.com/s/files/1/0157/3938/products/3b51498u_500_grande.jpg?v=1526435365
76,Fight Cancer,https://vintagraph.com/collections/wpa-posters/products/fight-cancer-wpa-poster,https://cdn.shopify.com/s/files/1/0157/3938/products/3f05307u_500_grande.jpg?v=1526443047
77,Dont Jay Walk,https://vintagraph.com/collections/wpa-posters/products/dont-jay-walk-safety-poster,https://cdn.shopify.com/s/files/1/0157/3938/products/dont-jay-walk-safety-poster1_grande.jpg?v=1526443531
78,Spare Our Trees,https://vintagraph.com/collections/wpa-posters/products/spare-our-trees-wpa-poster,https://cdn.shopify.com/s/files/1/0157/3938/products/3b48810u_500_grande.jpg?v=1526444225
79,Jobs For Girls & Women,https://vintagraph.com/collections/wpa-posters/products/jobs-for-girls-wpa-poster,https://cdn.shopify.com/s/files/1/0157/3938/products/3b53089u_500_grande.jpg?v=1526444004
80,Foreign Trade Zone,https://vintagraph.com/collections/wpa-posters/products/foreign-trade-zone-wpa-poster,https://cdn.shopify.com/s/files/1/0157/3938/products/3g04244u_500_grande.jpg?v=1526444145
81,Fort Marion National Monument,https://vintagraph.com/collections/wpa-posters/products/fort-marion-wpa-poster,https://cdn.shopify.com/s/files/1/0157/3938/products/13396u_500_grande.jpg?v=1493661927
82,Syphilis .... Six out of Ten Cured,https://vintagraph.com/collections/wpa-posters/products/syphilis-six-out-of-ten-cured,https://cdn.shopify.com/s/files/1/0157/3938/products/38339u-Edit_500_grande.jpg?v=1526430531
83,Health Care For Children,https://vintagraph.com/collections/wpa-posters/products/health-care-for-children-poster,https://cdn.shopify.com/s/files/1/0157/3938/products/health-care-for-children-poster1_grande.jpg?v=1526443174
84,Athletics during The New Deal,https://vintagraph.com/collections/wpa-posters/products/athletics-health-poster,https://cdn.shopify.com/s/files/1/0157/3938/products/athletics-poster1_grande.jpg?v=1526443262
85,The World Wants New Knowledge - New Skills,https://vintagraph.com/collections/wpa-posters/products/world-wants-new-knowledge-new-skills,https://cdn.shopify.com/s/files/1/0157/3938/products/world-wants-new-knowledge-new-skills1_grande.jpg?v=1526443653
86,Soap Box Derby,https://vintagraph.com/collections/wpa-posters/products/soap-box-derby-wpa-poster,https://cdn.shopify.com/s/files/1/0157/3938/products/3f05212u_PRINT_500_grande.jpg?v=1526444110
87,East Side - West Side,https://vintagraph.com/collections/wpa-posters/products/photographers-wpa-poster,https://cdn.shopify.com/s/files/1/0157/3938/products/3g06179u_500_grande.jpg?v=1526443618
88,Only God Can Make a Tree,https://vintagraph.com/collections/wpa-posters/products/make-tree-wpa-poster,https://cdn.shopify.com/s/files/1/0157/3938/products/3f05412u_500_grande.jpg?v=1526444236
89,Funny Side Up,https://vintagraph.com/collections/wpa-posters/products/funny-side-up-wpa-poster,https://cdn.shopify.com/s/files/1/0157/3938/products/3b48716u_Funny_Side_Up_500_grande.jpg?v=1526444247
90,Enjoy. Don't Destroy,https://vintagraph.com/collections/wpa-posters/products/dont-destroy-wpa-poster,https://cdn.shopify.com/s/files/1/0157/3938/products/3f05651u_500_grande.jpg?v=1526444121
91,Certain People of Importance,https://vintagraph.com/collections/wpa-posters/products/certain-people-of-importance,https://cdn.shopify.com/s/files/1/0157/3938/products/certain-people-of-importance1_grande.jpg?v=1526443826
92,Protect Her From Tuberculosis,https://vintagraph.com/collections/wpa-posters/products/protect-her-from-tuberculosis,https://cdn.shopify.com/s/files/1/0157/3938/products/38341u-Edit_500_grande.jpg?v=1526430375
93,A Lifelong Job,https://vintagraph.com/collections/wpa-posters/products/a-lifelong-job,https://cdn.shopify.com/s/files/1/0157/3938/products/3f05237u_1_-Edit_500_grande.jpg?v=1500466825
94,False Shame and Fear May Destroy Your Future,https://vintagraph.com/collections/wpa-posters/products/syphilis-shame-health-poster,https://cdn.shopify.com/s/files/1/0157/3938/products/syphilis-shame-health-poster1_grande.jpg?v=1526443217
95,Dont Mix Em,https://vintagraph.com/collections/wpa-posters/products/drunk-driving-safety-poster,https://cdn.shopify.com/s/files/1/0157/3938/products/drunk-driving-safety-poster1_grande.jpg?v=1526443205
96,Back to work Back to books,https://vintagraph.com/collections/wpa-posters/products/books-wpa-poster,https://cdn.shopify.com/s/files/1/0157/3938/products/3f05199u1a_500_grande.jpg?v=1526443605
97,The United States Maritime Service,https://vintagraph.com/collections/wpa-posters/products/united-states-maritime-service,https://cdn.shopify.com/s/files/1/0157/3938/products/united-states-maritime-service1_grande.jpg?v=1526443771
98,Occupations Related to Industrial Arts,https://vintagraph.com/collections/wpa-posters/products/occupations-related-to-industrial-arts-wpa-poster,https://cdn.shopify.com/s/files/1/0157/3938/products/3f05662u_500_grande.jpg?v=1526443736
99,Live Here at Low Rent,https://vintagraph.com/collections/wpa-posters/products/live-here-at-low-rent,https://cdn.shopify.com/s/files/1/0157/3938/products/live-here-at-low-rent1_grande.jpg?v=1526443816
100,International Exhibition of Water Colors,https://vintagraph.com/collections/wpa-posters/products/art-institute-chicago-water-colors,https://cdn.shopify.com/s/files/1/0157/3938/products/3f05189u_500_grande.jpg?v=1526443847
101,Flag Day Poster,https://vintagraph.com/collections/wpa-posters/products/flag-day-wpa-poster,https://cdn.shopify.com/s/files/1/0157/3938/products/3f05214u_500_grande.jpg?v=1526443892
102,100 Water Colors WPA poster,https://vintagraph.com/collections/wpa-posters/products/water-colors-wpa-poster,https://cdn.shopify.com/s/files/1/0157/3938/products/3f05336u1_500_grande.jpg?v=1500467731
103,Visit the Zoo Penguins,https://vintagraph.com/collections/wpa-posters/products/penguin-zoo-wpa-poster,https://cdn.shopify.com/s/files/1/0157/3938/products/3f05606u_500_grande.jpg?v=1493662131
104,Rural Pennsylvania Vintage Travel Poster,https://vintagraph.com/collections/wpa-posters/products/rural-pennsylvania-wpa-poster,https://cdn.shopify.com/s/files/1/0157/3938/products/3b51486u_500_grande.jpg?v=1526444560
105,WPA Field Day,https://vintagraph.com/collections/wpa-posters/products/wpa-field-day,https://cdn.shopify.com/s/files/1/0157/3938/products/08072u-Edit_500_grande.jpg?v=1526428556
106,Keep Your Fire Escapes Clear,https://vintagraph.com/collections/wpa-posters/products/keep-your-fire-escapes-clear,https://cdn.shopify.com/s/files/1/0157/3938/products/05007u-Edit_500_grande.jpg?v=1500466725
107,Balanced Diet for the Expectant Mother,https://vintagraph.com/collections/wpa-posters/products/balanced-diet-for-the-expectant-mother,https://cdn.shopify.com/s/files/1/0157/3938/products/3f05309u-Edit_500_5a791f0c-2162-4723-a3f4-705f0b8ca67b_grande.jpg?v=1526430152
108,Support Local and State Efforts to Reduce Syphilis,https://vintagraph.com/collections/wpa-posters/products/stop-syphillis-health-poster-2,https://cdn.shopify.com/s/files/1/0157/3938/products/stop-syphillis-health-poster-21_grande.jpg?v=1526425278
109,Safeguard Your Home,https://vintagraph.com/collections/wpa-posters/products/safeguard-home-safety-poster,https://cdn.shopify.com/s/files/1/0157/3938/products/3f05418u_500_grande.jpg?v=1526443473
110,Prevent Syphilis in Marriage,https://vintagraph.com/collections/wpa-posters/products/prevent-syphilis-in-marriage,https://cdn.shopify.com/s/files/1/0157/3938/products/prevent-syphilis-in-marriage1_grande.jpg?v=1526443072
111,March on to Health,https://vintagraph.com/collections/wpa-posters/products/march-on-to-health,https://cdn.shopify.com/s/files/1/0157/3938/products/march-on-to-health1_grande.jpg?v=1526443035
112,Cellar Ceilings Must Be Fire-retarded,https://vintagraph.com/collections/wpa-posters/products/fire-retarded-safety-poster,https://cdn.shopify.com/s/files/1/0157/3938/products/fire-retarded-safety-poster1_grande.jpg?v=1526443241
113,Wood Sculpture,https://vintagraph.com/collections/wpa-posters/products/wood-sculpture-wpa-poster,https://cdn.shopify.com/s/files/1/0157/3938/products/3f05274u_500_grande.jpg?v=1526443724
114,Wee Willie Winkie,https://vintagraph.com/collections/wpa-posters/products/wee-willie-winkie-poster,https://cdn.shopify.com/s/files/1/0157/3938/products/wee-willie-winkie-poster1_grande.jpg?v=1526444272
115,Please Keep the Park Clean,https://vintagraph.com/collections/wpa-posters/products/keep-park-clean-wpa-poster,https://cdn.shopify.com/s/files/1/0157/3938/products/3f05414u_500_grande.jpg?v=1493662025
116,Pet Show (Puppies),https://vintagraph.com/collections/wpa-posters/products/pet-show-wpa,https://cdn.shopify.com/s/files/1/0157/3938/products/3f05202u_500_grande.jpg?v=1526443665
117,Junior Prom,https://vintagraph.com/collections/wpa-posters/products/junior-prom-wpa-poster,https://cdn.shopify.com/s/files/1/0157/3938/products/3f05315ua_500_grande.jpg?v=1526443948
118,Index of American Design,https://vintagraph.com/collections/wpa-posters/products/index-american-design,https://cdn.shopify.com/s/files/1/0157/3938/products/3f05304u_500_grande.jpg?v=1526443871
119,Father & Son Banquet,https://vintagraph.com/collections/wpa-posters/products/father-son-wpa-poster,https://cdn.shopify.com/s/files/1/0157/3938/products/3b48794u_500_grande.jpg?v=1526444036
120,Children Painting Art Classes for Children,https://vintagraph.com/collections/wpa-posters/products/art-classes-wpa-poster,https://cdn.shopify.com/s/files/1/0157/3938/products/3b48763u_500_grande.jpg?v=1526443993
121,Visit the Brookfield Zoo (Polar Bear),https://vintagraph.com/collections/wpa-posters/products/brookfield-zoo-wpa-poster,https://cdn.shopify.com/s/files/1/0157/3938/products/3f05557u-brookfield-zoo-bear_500_grande.jpg?v=1493661958
122,Brookfield Zoo Leopard,https://vintagraph.com/collections/wpa-posters/products/brookfield-zoo-black-leopard,https://cdn.shopify.com/s/files/1/0157/3938/products/brookfield-zoo-black-leopard1_grande.jpg?v=1526444538
123,Civil Liberties in War Times,https://vintagraph.com/collections/wpa-posters/products/civil-liberties-in-war-times,https://cdn.shopify.com/s/files/1/0157/3938/products/3b48766u-Edit_500_grande.jpg?v=1526428542
124,This Breaks the Back of a Book!,https://vintagraph.com/collections/wpa-posters/products/this-breaks-the-back-of-a-book,https://cdn.shopify.com/s/files/1/0157/3938/products/31263u-Edit_500_grande.jpg?v=1526428569
125,Rain is Bad for a Book,https://vintagraph.com/collections/wpa-posters/products/rain-is-bad-for-a-book,https://cdn.shopify.com/s/files/1/0157/3938/products/31265u-Edit_500_grande.jpg?v=1526428582
126,New Deal Athletics,https://vintagraph.com/collections/wpa-posters/products/athletics-during-the-new-deal-2,https://cdn.shopify.com/s/files/1/0157/3938/products/athletics-health-poster1_grande.jpg?v=1526425204
127,Syphilis Menace to Industry,https://vintagraph.com/collections/wpa-posters/products/syphilis-menace-to-industry,https://cdn.shopify.com/s/files/1/0157/3938/products/syphilis-menace-to-industry1_grande.jpg?v=1526443094
128,Dont Gamble With Syphilis,https://vintagraph.com/collections/wpa-posters/products/dont-gamble-with-syphilis-health-poster,https://cdn.shopify.com/s/files/1/0157/3938/products/dont-gamble-with-syphilis-health-poster1_grande.jpg?v=1526443296
129,These Books Are Too Good To Miss,https://vintagraph.com/collections/wpa-posters/products/these-books-are-too-good-to-miss,https://cdn.shopify.com/s/files/1/0157/3938/products/these-books-are-too-good-to-miss1_grande.jpg?v=1526443806
130,WPA Paintings by Children,https://vintagraph.com/collections/wpa-posters/products/wpa-paintings-by-children,https://cdn.shopify.com/s/files/1/0157/3938/products/3g03638u_500_grande.jpg?v=1526443795
131,WPA Exhibition,https://vintagraph.com/collections/wpa-posters/products/exhibition-wpa-poster,https://cdn.shopify.com/s/files/1/0157/3938/products/3f05189u_500_9f535580-797f-4925-9898-355f3929a4de_grande.jpg?v=1526444189
132,Port of Philadelphia 2,https://vintagraph.com/collections/wpa-posters/products/port-of-philadelphia,https://cdn.shopify.com/s/files/1/0157/3938/products/3f05674u_500_grande.jpg?v=1526444014
133,Low Rent Homes,https://vintagraph.com/collections/wpa-posters/products/low-rent-wpa-posters,https://cdn.shopify.com/s/files/1/0157/3938/products/3f05660u_500_grande.jpg?v=1526444202
134,Gay 90's Art Ball,https://vintagraph.com/collections/wpa-posters/products/gay-90s-art-ball,https://cdn.shopify.com/s/files/1/0157/3938/products/gay-90s-art-ball1_grande.jpg?v=1526443860
135,Five and Ten,https://vintagraph.com/collections/wpa-posters/products/five-ten-wpa-poster,https://cdn.shopify.com/s/files/1/0157/3938/products/3f05588u_prints_500_grande.jpg?v=1526444214
136,Amateur Contest,https://vintagraph.com/collections/wpa-posters/products/wpa-amateur-contest,https://cdn.shopify.com/s/files/1/0157/3938/products/3f05190u_500_grande.jpg?v=1526443677
137,Visit the Zoo (Three Penguins),https://vintagraph.com/collections/wpa-posters/products/visit-the-zoo-three-penguins,https://cdn.shopify.com/s/files/1/0157/3938/products/visit-the-zoo-three-penquins1_grande.jpg?v=1493662147
138,Just One Long Step to Sea Cliff,https://vintagraph.com/collections/wpa-posters/products/sea-cliff-wpa-poster,https://cdn.shopify.com/s/files/1/0157/3938/products/04892uu_500_grande.jpg?v=1526444728
139,Visit Newfoundland Canada's Newest Playground,https://vintagraph.com/collections/wpa-posters/products/visit-newfoundland-canadas-newest-playground,https://cdn.shopify.com/s/files/1/0157/3938/products/12230u-Edit-800_grande.jpg?v=1528994329
140,A Book Mark Would Be Better!,https://vintagraph.com/collections/wpa-posters/products/a-book-mark-would-be-better,https://cdn.shopify.com/s/files/1/0157/3938/products/31264u-Edit-800_grande.jpg?v=1528124148
141,Don't Gum Up a Book,https://vintagraph.com/collections/wpa-posters/products/dont-gum-up-a-book,https://cdn.shopify.com/s/files/1/0157/3938/products/31266u-Edit_500_grande.jpg?v=1526428596
142,Syphilis May Cause Heart Trouble,https://vintagraph.com/collections/wpa-posters/products/syphilis-health-poster,https://cdn.shopify.com/s/files/1/0157/3938/products/syphilis-health-poster1_grande.jpg?v=1526443460
143,Find Syphilis,https://vintagraph.com/collections/wpa-posters/products/find-syphilis-health-poster,https://cdn.shopify.com/s/files/1/0157/3938/products/find-syphilis-health-poster1_grande.jpg?v=1526443317
144,Evite Accidentes,https://vintagraph.com/collections/wpa-posters/products/evite-accidentes-wpa-poster,https://cdn.shopify.com/s/files/1/0157/3938/products/3b48700u_500_grande.jpg?v=1526443106
145,The Path of Flowers,https://vintagraph.com/collections/wpa-posters/products/flowers-wpa-poster,https://cdn.shopify.com/s/files/1/0157/3938/products/3f05338u_500_grande.jpg?v=1526444178
146,Independence Day,https://vintagraph.com/collections/wpa-posters/products/4th-july-wpa-poster,https://cdn.shopify.com/s/files/1/0157/3938/products/3f05787u_500_grande.jpg?v=1526443980
147,Card Party and Barter,https://vintagraph.com/collections/wpa-posters/products/card-party-and-barter,https://cdn.shopify.com/s/files/1/0157/3938/products/card-party-and-barter1_grande.jpg?v=1526443713
148,Birds of the World,https://vintagraph.com/collections/wpa-posters/products/birds-of-the-world-wpa-poster,https://cdn.shopify.com/s/files/1/0157/3938/products/3b48865u_500_grande.jpg?v=1526443702
149,Art Classes for Children,https://vintagraph.com/collections/wpa-posters/products/art-classes-for-children-wpa-poster,https://cdn.shopify.com/s/files/1/0157/3938/products/3b48795u_500_grande.jpg?v=1526443690
150,A Road to Future Success,https://vintagraph.com/collections/wpa-posters/products/road-to-future-success,https://cdn.shopify.com/s/files/1/0157/3938/products/road-to-future-success1_grande.jpg?v=1500467697
151,Visit the Brookfield Zoo Panda,https://vintagraph.com/collections/wpa-posters/products/visit-brookfield-zoo-panda,https://cdn.shopify.com/s/files/1/0157/3938/products/3g03396u-800-framed_grande.jpg?v=1524837224
152,Canada for Fishing,https://vintagraph.com/collections/wpa-posters/products/canada-for-fishing,https://cdn.shopify.com/s/files/1/0157/3938/products/12237u-Edit-800_grande.jpg?v=1529609444
153,Canada Welcomes U.S. Citizens,https://vintagraph.com/collections/wpa-posters/products/canada-welcomes-u-s-citizens,https://cdn.shopify.com/s/files/1/0157/3938/products/12225u-Edit-800_grande.jpg?v=1529421566
154,Pueblos of the Southwest National Parks & Monuments,https://vintagraph.com/collections/wpa-posters/products/pueblos-of-the-southwest-national-parks-monuments,https://cdn.shopify.com/s/files/1/0157/3938/products/11695u-Edit-800_grande.jpg?v=1528893891
155,Keep Your Teeth Clean (Pink),https://vintagraph.com/collections/wpa-posters/products/keep-your-teeth-clean-pink,https://cdn.shopify.com/s/files/1/0157/3938/products/teeth-no-text-print-Edit_500_grande.jpg?v=1526930035
156,I Want a Policeman,https://vintagraph.com/collections/wpa-posters/products/i-want-a-policeman,https://cdn.shopify.com/s/files/1/0157/3938/products/3f05715u-Edit_500_grande.jpg?v=1526428394
157,A Game Crop is a Community Asset,https://vintagraph.com/collections/wpa-posters/products/a-game-crop-is-a-community-asset,https://cdn.shopify.com/s/files/1/0157/3938/products/3f05396u-Edit_500_grande.jpg?v=1526428531
158,Carnival of the Arts,https://vintagraph.com/collections/wpa-posters/products/carnival-of-the-arts,https://cdn.shopify.com/s/files/1/0157/3938/products/3g05894u-Edit_500_grande.jpg?v=1526430452
159,Horse Eats Hat,https://vintagraph.com/collections/wpa-posters/products/horse-eats-hat,https://cdn.shopify.com/s/files/1/0157/3938/products/3f05607u_500_grande.jpg?v=1526433827
160,Follow the Parade,https://vintagraph.com/collections/wpa-posters/products/follow-the-parade,https://cdn.shopify.com/s/files/1/0157/3938/products/3f05152u_500_grande.jpg?v=1526433859
161,Will Rogers Field Dedication,https://vintagraph.com/collections/wpa-posters/products/will-rogers-field-dedication,https://cdn.shopify.com/s/files/1/0157/3938/products/3f03736u_500_grande.jpg?v=1526433881
162,Art & Mrs. Bottle,https://vintagraph.com/collections/wpa-posters/products/art-mrs-bottle,https://cdn.shopify.com/s/files/1/0157/3938/products/3b49036u-Edit_501_grande.jpg?v=1526434899
163,Protection Against Syphilis,https://vintagraph.com/collections/wpa-posters/products/protection-against-syphilis,https://cdn.shopify.com/s/files/1/0157/3938/products/protection-against-syphilis1_grande.jpg?v=1526443117
164,The Job of Being a Parent,https://vintagraph.com/collections/wpa-posters/products/being-parent-wpa-poster,https://cdn.shopify.com/s/files/1/0157/3938/products/3b48705u_500_grande.jpg?v=1526444046
165,WPA Memorial Day,https://vintagraph.com/collections/wpa-posters/products/wpa-memorial-day,https://cdn.shopify.com/s/files/1/0157/3938/products/3f05648u_500_grande.jpg?v=1526443641
166,Free Band Concerts,https://vintagraph.com/collections/wpa-posters/products/free-band-concerts-wpa,https://cdn.shopify.com/s/files/1/0157/3938/products/3b48832u_500_grande.jpg?v=1526443630
167,Doll and Buggy Parade,https://vintagraph.com/collections/wpa-posters/products/doll-buggy-wpa-poster,https://cdn.shopify.com/s/files/1/0157/3938/products/3f05210u_500_grande.jpg?v=1526444156
